<?xml version="1.0" encoding="UTF-8"?>
<project-private xmlns="http://www.netbeans.org/ns/project-private/1">
    <editor-bookmarks xmlns="http://www.netbeans.org/ns/editor-bookmarks/2" lastBookmarkId="0"/>
    <open-files xmlns="http://www.netbeans.org/ns/projectui-open-files/2">
        <group>
            <file>file:/C:/SO/Programacion_2/ParcialJOHNNYMOLINA/src/parcialjohnnymolina/Revista.java</file>
            <file>file:/C:/SO/Programacion_2/ParcialJOHNNYMOLINA/src/parcialjohnnymolina/Publicacion.java</file>
            <file>file:/C:/SO/Programacion_2/ParcialJOHNNYMOLINA/src/parcialjohnnymolina/Biblioteca.java</file>
            <file>file:/C:/SO/Programacion_2/ParcialJOHNNYMOLINA/src/parcialjohnnymolina/Libro.java</file>
            <file>file:/C:/SO/Programacion_2/ParcialJOHNNYMOLINA/src/parcialjohnnymolina/generoLibro.java</file>
            <file>file:/C:/SO/Programacion_2/ParcialJOHNNYMOLINA/src/parcialjohnnymolina/Ilustracion.java</file>
            <file>file:/C:/SO/Programacion_2/ParcialJOHNNYMOLINA/src/parcialjohnnymolina/PublicacionDuplicadaExcepcion.java</file>
            <file>file:/C:/SO/Programacion_2/ParcialJOHNNYMOLINA/src/parcialjohnnymolina/ParcialJOHNNYMOLINA.java</file>
        </group>
    </open-files>
</project-private>
